<core:FragmentDefinition xmlns:core="sap.ui.core" xmlns="sap.m" xmlns:f="sap.ui.layout.form">
    <f:SimpleForm>
        <f:content>
            <Label text="Name"></Label>
            <Text text="{name}"></Text>
            <Label text="Price"></Label>
            <Text text="{price}"></Text>
            <Label text="Color"></Label>
            <Text text="{color}"></Text>
            <Label text="Health Benefits"></Label>
            <Text text="{healthBenefit}"></Text>
        </f:content>
    </f:SimpleForm>
</core:FragmentDefinition>