{
	"empStr": {
		"empId": 950,
		"empName": "Ananya",
		"salary": 9999,
		"currency": "EUR"
	},
	"empTab": [
        {
			"empId": 1001,
			"empName": "Sonal",
			"salary": 80000,
			"currency": "INR",
			"gender": "F",
			"smoker": false,
			"mStatus": "S",
			"rating": 5
		},
		{
			"empId": 1002,
			"empName": "Vivek",
			"salary": 25000,
			"currency": "USD",
			"gender": "M",
			"smoker": false,
			"mStatus": "M",
			"rating": 2
		},
		{
			"empId": 1003,
			"empName": "Michel",
			"salary": 47500,
			"currency": "EUR",
			"gender": "F",
			"smoker": true,
			"mStatus": "M",
			"rating": 3
		},
		{
			"empId": 1004,
			"empName": "Srinivas",
			"salary": 180000,
			"currency": "INR",
			"gender": "M",
			"smoker": false,
			"mStatus": "S",
			"rating": 4
		},
		{
			"empId": 1005,
			"empName": "Riyaz",
			"salary": 36000,
			"currency": "AED",
			"gender": "M",
			"smoker": true,
			"mStatus": "S",
			"rating": 4
		},
		{
			"empId": 1006,
			"empName": "Roxana",
			"salary": 81000,
			"currency": "JPY",
			"gender": "F",
			"smoker": true,
			"mStatus": "S",
			"rating": 3
		}
	]
}