{
	"empStr": {
		"empId": 9000,
		"empName": "Tirian",
		"salary": 1000,
		"currency": "USD"
	},
	"empTab": [{
			"empId": 9001,
			"empName": "Alia",
			"salary": 55000,
			"currency": "INR",
			"gender": "F",
			"smoker": false,
			"mStatus": "S",
			"rating": 5
		},
		{
			"empId": 9002,
			"empName": "Ned Stark",
			"salary": 98000,
			"currency": "USD",
			"gender": "M",
			"smoker": false,
			"mStatus": "M",
			"rating": 2
		},
		{
			"empId": 9003,
			"empName": "Robert",
			"salary": 45800,
			"currency": "EUR",
			"gender": "M",
			"smoker": true,
			"mStatus": "M",
			"rating": 3
		},
		{
			"empId": 9004,
			"empName": "Sarsi",
			"salary": 74580,
			"currency": "INR",
			"gender": "F",
			"smoker": true,
			"mStatus": "S",
			"rating": 4
		},
		{
			"empId": 9005,
			"empName": "Denerias",
			"salary": 458800,
			"currency": "AED",
			"gender": "F",
			"smoker": true,
			"mStatus": "S",
			"rating": 4
		},
		{
			"empId": 9006,
			"empName": "John Snow",
			"salary": 25800,
			"currency": "JPY",
			"gender": "M",
			"smoker": true,
			"mStatus": "S",
			"rating": 3
		}
	]
}