<core:FragmentDefinition xmlns:core="sap.ui.core" xmlns="sap.m" xmlns:f="sap.ui.layout.form">
    <Table id="idTab" itemPress="onTableNav" items="{/SupplierSet}">
        <headerToolbar>
            <Toolbar>
                <ToolbarSpacer></ToolbarSpacer>
                <Button icon="sap-icon://filter" press="onFilter"></Button>
            </Toolbar>
        </headerToolbar>
        <columns>
            <Column>
                <header>
                    <Text text="Name"></Text>
                </header>
            </Column>
            <Column>
                <header>
                    <Text text="City"></Text>
                </header>
            </Column>
            <Column minScreenWidth="Tablet">
                <header>
                    <Text text="Contact Person"></Text>
                </header>
            </Column>
            <Column minScreenWidth="Tablet" demandPopin="true">
                <header>
                    <Text text="Since When"></Text>
                </header>
            </Column>
        </columns>
        <items>
            <ColumnListItem type="Navigation">
                <cells>
                    <Text text="{BP_ID}"></Text>
                    <Input value="{COMPANY_NAME}" showValueHelp="true" valueHelpRequest="onF4Help"></Input>
                    <Text text="{CITY}"></Text>
                    <Text text="{COUNTRY}"></Text>
                </cells>	
            </ColumnListItem>
        </items>
    </Table>
</core:FragmentDefinition>