<core:FragmentDefinition xmlns:core="sap.ui.core" xmlns="sap.m" xmlns:f="sap.ui.layout.form">
    <Select items="{/cities}">
        <core:Item key="{name}" text="{name}"></core:Item>
    </Select>
    <ComboBox items="{/cities}">
        <core:Item key="{name}" text="{name}"></core:Item>
    </ComboBox>
    <MultiComboBox items="{/cities}" id="idMultiC">
        <core:Item key="{name}" text="{name}"></core:Item>
    </MultiComboBox>
    <Button text="Print kar do" press="onPrintAll"></Button>
</core:FragmentDefinition>