<core:FragmentDefinition xmlns:core="sap.ui.core" xmlns="sap.m" xmlns:f="sap.ui.layout.form">
    <f:SimpleForm>
        <f:content>
            <Label text="Name"></Label>
            <Text text="{NAME}"></Text>
            <Label text="Price"></Label>
            <Text text="{PRICE}"></Text>
            <Label text="Type"></Label>
            <Text text="{TYPE_CODE}"></Text>
            <Label text="Category"></Label>
            <Text text="{CATEGORY}"></Text>
            <core:Title text="Supplier Data" />
            <Label text="Name" />
            <Text text="{To_Supplier/COMPANY_NAME}" />
            <Label text="Web Address" />
            <Link text="{To_Supplier/WEB_ADDRESS}" />
            <Label text="Location" />
            <Text text="{To_Supplier/CITY} {To_Supplier/COUNTRY}" />
        </f:content>
    </f:SimpleForm>
</core:FragmentDefinition>